"Player","2020/21","2021/22","2022/23","2023/24","playerId","playerName","ridge_normalized","lasso_normalized","elastic_net_normalized","position"
"AaronGordon",18136364,16409091,20690909,21266182,203932,"Aaron Gordon",92,103,90,"Forward"
"AaronHoliday",2345640,3980551,1968175,2346614,1628988,"Aaron Holiday",98,91,95,"Guard"
"AaronNesmith",3458400,3631200,3804360,5634257,1630174,"Aaron Nesmith",98,99,93,"Guard"
"AaronWiggins",NA,1305761,1563518,1836096,1630598,"Aaron Wiggins",100,100,96,"Guard"
"AbdelNader",1752950,2e+06,NA,NA,1627846,"Abdel Nader",91,94,89,"Forward"
"AdmiralSchofield",1517981,723741,877940,559782,1629678,"Admiral Schofield",95,96,89,"Forward"
"AJGreen",NA,NA,508891,1901769,1631260,"AJ Green",91,94,93,"Guard"
"AJGriffin",NA,NA,3536160,3712920,1631100,"AJ Griffin",103,95,100,"Forward"
"AlHorford",27500000,2.7e+07,26500000,1e+07,201143,"Al Horford",92,121,101,"Forward"
"AlFarouqAminu",9720900,10335621,NA,NA,202329,"Al-Farouq Aminu",88,99,92,"Forward"
"AlecBurks",6e+06,9536000,10012800,10489600,202692,"Alec Burks",97,98,93,"Guard"
"AleksejPokusevski",2964840,3113160,3261480,5574809,1630197,"Aleksej Pokusevski",97,94,99,"Forward"
"AlexCaruso",2750000,8600000,9030000,9460000,1627936,"Alex Caruso",91,94,91,"Guard"
"AlexLen",3970648,3732000,3918600,3196448,203458,"Alex Len",87,101,85,"Center"
"AlfonzoMcKinnie",1762796,1090007,NA,NA,1628035,"Alfonzo McKinnie",97,104,91,"Forward"
"AlperenSengun",NA,3214680,3375360,3536280,1630578,"Alperen Sengun",99,105,97,"Center"
"AmirCoffey",578842,573576,3395062,3666667,1629599,"Amir Coffey",85,95,89,"Guard"
"AndersonVarejao",2141713,NA,NA,NA,2760,"Anderson Varejao",91,127,93,"Forward"
"AndreDrummond",28751774,2401537,3200000,3360000,203083,"Andre Drummond",91,121,93,"Center"
"AndreIguodala",1.5e+07,2641691,2905851,NA,2738,"Andre Iguodala",93,100,104,"Guard"
"AndreRoberson",411639,NA,NA,NA,203460,"Andre Roberson",89,102,87,"Guard"
"AndrewNembhard",NA,NA,2244111,2131905,1629614,"Andrew Nembhard",103,91,102,"Guard"
"AndrewNicholson",2844429,2844429,2844429,2844429,203094,"Andrew Nicholson",92,101,92,"Forward"
"AndrewWiggins",29542010,31579390,33616770,24330357,203952,"Andrew Wiggins",101,99,102,"Forward"
"AnferneeSimons",2252040,3938818,22321429,24107143,1629014,"Anfernee Simons",101,94,95,"Guard"
"AnthonyDavis",32742000,35361360,37980720,40600080,203076,"Anthony Davis",89,119,96,"Forward"
"AnthonyEdwards",9757440,10245480,10733400,13534817,1630162,"Anthony Edwards",118,91,116,"Guard"
"AnthonyGill",898310,1517981,1836090,1997238,1630264,"Anthony Gill",94,100,90,"Forward"
"AnthonyLamb",215330,136095,694878,NA,1630237,"Anthony Lamb",103,100,98,"Forward"
"AnthonyTolliver",614838,151821,NA,NA,201229,"Anthony Tolliver",100,107,96,"Forward"
"ArmoniBrooks",135362,1739065,50000,241285,1629717,"Armoni Brooks",104,94,96,"Guard"
"AronBaynes",7e+06,NA,NA,NA,203382,"Aron Baynes",90,102,88,"Forward"
"AustinReaves",NA,925258,1563518,12015150,1630559,"Austin Reaves",97,100,96,"Guard"
"AustinRivers",3929049,2401537,2905851,NA,203085,"Austin Rivers",94,92,92,"Guard"
"AveryBradley",5635000,2641691,NA,NA,202340,"Avery Bradley",85,93,85,"Guard"
"AyoDosunmu",NA,925258,1563518,6481482,1630245,"Ayo Dosunmu",107,93,102,"Guard"
"BamAdebayo",5115492,28103500,30351780,32600060,1628389,"Bam Adebayo",87,111,90,"Forward"
"BenMcLemore",2893630,2389641,NA,NA,203463,"Ben McLemore",105,95,98,"Guard"
"BenSimmons",30559200,33003936,35448672,37893408,1627732,"Ben Simmons",89,105,107,"Guard"
"BennedictMathurin",NA,NA,6586800,6916080,1631097,"Bennedict Mathurin",109,95,105,"Guard"
"BismackBiyombo",3500000,1518213,2905851,6194075,202687,"Bismack Biyombo",83,112,86,"Center"
"BlakeGriffin",33900241,32405817,2905851,NA,201933,"Blake Griffin",99,125,108,"Forward"
"BlakeWesley",NA,NA,2385480,2504640,1631104,"Blake Wesley",93,91,93,"Guard"
"BobanMarjanovic",3500000,3500000,4101478,2891467,1626246,"Boban Marjanovic",90,106,89,"Center"
"BobbyPortis",3623000,4347600,10843350,11710818,1626171,"Bobby Portis",103,112,95,"Forward"
"BogdanBogdanovic",1.8e+07,1.8e+07,1.8e+07,18700000,203992,"Bogdan Bogdanovic",106,91,105,"Guard"
"BojanBogdanovic",17850000,18700000,19550000,2e+07,202711,"Bojan Bogdanovic",102,96,99,"Forward"
"BolBol",2058240,2161152,2200000,2165000,1629626,"Bol Bol",87,93,86,"Forward"
"BonesHyland",NA,2096880,2201520,2306400,1630538,"Bones Hyland",110,91,105,"Guard"
"BradWanamaker",2250000,814918,NA,NA,202954,"Brad Wanamaker",90,94,91,"Guard"
"BradleyBeal",28751774,33724200,43279250,46741590,203078,"Bradley Beal",105,95,105,"Guard"
"BrandonClarke",2602920,2726880,4343919,12500000,1629634,"Brandon Clarke",115,111,113,"Forward"
"BrandonGoodwin",1701593,343988,NA,NA,1629164,"Brandon Goodwin",97,94,93,"Guard"
"BrandonIngram",27285000,29467800,31650600,33833400,1627742,"Brandon Ingram",98,98,97,"Forward"
"BrandonKnight",NA,274672,NA,NA,202688,"Brandon Knight",108,87,106,"Guard"
"BrodricThomas",412202,462629,NA,NA,1630271,"Brodric Thomas",94,94,90,"Guard"
"BrookLopez",12697675,13302325,13906976,2.5e+07,201572,"Brook Lopez",103,107,105,"Center"
"BruceBrown",1663861,4736102,6479000,2.2e+07,1628971,"Bruce Brown",95,99,92,"Guard"
"BrunoCaboclo",2028594,NA,NA,NA,203998,"Bruno Caboclo",125,103,116,"Forward"
"BrunoFernando",1517981,1782621,2717391,2581522,1628981,"Bruno Fernando",93,104,89,"Forward"
"BryceMcGowens",NA,NA,1461055,1719864,1631121,"Bryce McGowens",93,95,91,"Guard"
"BrynForbes",2337145,4500000,2298385,NA,1627854,"Bryn Forbes",91,93,87,"Guard"
"BuddyHield",24931817,23073234,21177750,19321859,1627741,"Buddy Hield",105,94,102,"Guard"
"CadeCunningham",NA,10050120,10552800,11055360,1630595,"Cade Cunningham",115,88,117,"Guard"
"CalebHoustan",NA,NA,2e+06,2e+06,1631216,"Caleb Houstan",98,98,92,"Guard"
"CalebMartin",1517981,844011,6479000,6802950,1628997,"Caleb Martin",93,98,90,"Forward"
"CamReddish",4458000,4670160,5954454,2165000,1629629,"Cam Reddish",105,94,102,"Guard"
"CamThomas",NA,2036280,2138160,2240160,1630560,"Cam Thomas",95,95,93,"Guard"
"CameronJohnson",4235160,4437000,5887899,25679348,1629661,"Cameron Johnson",107,99,101,"Forward"
"CameronPayne",1977011,6500000,6e+06,9391467,1626166,"Cameron Payne",95,93,92,"Guard"
"CarisLeVert",16203704,17500000,18796296,15384616,1627747,"Caris LeVert",99,96,98,"Guard"
"CarmeloAnthony",2564753,2641691,NA,NA,2546,"Carmelo Anthony",112,102,116,"Forward"
"CarsenEdwards",1517981,1859365,NA,NA,1629035,"Carsen Edwards",91,94,89,"Guard"
"CediOsman",8840580,8133334,7426088,6718842,1626224,"Cedi Osman",95,97,91,"Forward"
"ChandlerHutchison",2443440,4224186,NA,NA,1628990,"Chandler Hutchison",97,105,93,"Guard"
"CharlesBassey",NA,925258,2674742,2600000,1629646,"Charles Bassey",93,112,93,"Forward"
"ChassonRandle",279927,NA,NA,NA,1626184,"Chasson Randle",100,91,94,"Guard"
"CheickDiallo",NA,102831,NA,NA,1627767,"Cheick Diallo",88,106,87,"Forward"
"ChimezieMetu",910895,1762796,1910860,2697258,1629002,"Chimezie Metu",94,101,92,"Forward"
"ChrisBoucher",6500000,7020000,12690000,11750000,1628449,"Chris Boucher",97,109,94,"Forward"
"ChrisChiozza",449115,462629,NA,NA,1629185,"Chris Chiozza",92,92,90,"Guard"
"ChrisClemons",1517981,85578,NA,NA,1629598,"Chris Clemons",97,91,93,"Guard"
"ChrisDuarte",NA,3749400,3936960,4124400,1630537,"Chris Duarte",108,95,107,"Guard"
"ChrisPaul",41358814,30800000,28400000,30800000,101108,"Chris Paul",100,93,112,"Guard"
"ChrisSilva",1517981,479650,211045,NA,1629735,"Chris Silva",90,103,87,"Forward"
"ChristianBraun",NA,NA,2808600,2949120,1631128,"Christian Braun",91,100,90,"Guard"
"ChristianKoloko",NA,NA,1500000,1719864,1631132,"Christian Koloko",93,106,89,"Center"
"ChristianWood",13015874,13666667,14317459,2709849,1626174,"Christian Wood",100,109,102,"Forward"
"ChumaOkeke",3121080,3277080,3433320,5266712,1629643,"Chuma Okeke",93,102,97,"Forward"
"CJElleby",898310,1517981,NA,NA,1629604,"CJ Elleby",96,102,92,"Guard"
"CJMcCollum",29354152,30864198,33333333,35802469,203468,"CJ McCollum",100,91,94,"Guard"
"CJMiles",NA,151821,NA,NA,101139,"CJ Miles",112,95,106,"Guard"
"ClintCapela",1.8e+07,17603448,18206896,20616000,203991,"Clint Capela",95,118,93,"Center"
"CobyWhite",5572680,5837760,7413955,11111111,1629632,"Coby White",119,91,111,"Guard"
"CodyMartin",1517981,1782621,7e+06,7560000,1628998,"Cody Martin",94,100,92,"Forward"
"CodyZeller",15415730,2389641,743922,3196448,203469,"Cody Zeller",90,106,89,"Forward"
"ColeAldrich",685340,NA,NA,NA,202332,"Cole Aldrich",88,102,87,"Center"
"ColeAnthony",3285120,3449400,3613680,5539771,1630175,"Cole Anthony",102,95,103,"Guard"
"CollinSexton",4991880,6349671,16700000,17525000,1629012,"Collin Sexton",112,88,108,"Guard"
"CoreyKispert",NA,3383640,3552840,3722040,1630557,"Corey Kispert",104,97,100,"Forward"
"CoryJoseph",12600000,7310000,5155500,3196448,202709,"Cory Joseph",87,96,89,"Guard"
"CristianoFelicio",7529020,NA,NA,NA,1626245,"Cristiano Felicio",96,105,91,"Forward"
"DAngeloRussell",28649250,30013500,31377750,17307693,1626156,"DAngelo Russell",106,88,106,"Guard"
"DaishenNix",NA,923078,1563518,559782,1630227,"Daishen Nix",95,90,93,"Guard"
"DakariJohnson",459414,NA,NA,NA,1626177,"Dakari Johnson",88,99,85,"Center"
"DalanoBanton",NA,925258,1563518,2019706,1630625,"Dalano Banton",90,97,89,"Forward"
"DalenTerry",NA,NA,3191400,3350760,1631207,"Dalen Terry",97,96,90,"Forward"
"DamianJones",1487284,1977011,2298385,2586665,1627745,"Damian Jones",94,107,88,"Center"
"DamianLillard",31626953,39344900,42492492,45640084,203081,"Damian Lillard",117,82,121,"Guard"
"DamionLee",1762796,1910860,2133278,2528233,1627814,"Damion Lee",94,97,91,"Guard"
"DamyeanDotson",2e+06,205662,NA,NA,1628422,"Damyean Dotson",91,97,89,"Guard"
"DanielGafford",1517981,1782621,1930681,12402000,1629655,"Daniel Gafford",100,102,93,"Forward"
"DanielTheis",5e+06,8280351,8694369,9108387,1628464,"Daniel Theis",95,106,92,"Forward"
"DaniloGallinari",19500000,20475000,19479000,7850062,201568,"Danilo Gallinari",108,99,105,"Forward"
"DannyGreen",15365853,1e+07,11710528,202074,201980,"Danny Green",103,98,103,"Guard"
"DanteExum",9600000,NA,NA,3e+06,203957,"Dante Exum",102,89,98,"Guard"
"DaQuanJeffries",1445697,95930,799403,1341538,1629610,"DaQuan Jeffries",97,99,92,"Guard"
"DarioSaric",9250000,8510000,9240000,2709849,203967,"Dario Saric",104,101,104,"Forward"
"DariusBazley",2399160,2513040,4264628,624425,1629647,"Darius Bazley",88,102,91,"Forward"
"DariusGarland",6720720,7040880,8920794,34005250,1629636,"Darius Garland",110,82,109,"Guard"
"DariusMiller",7e+06,NA,NA,NA,203121,"Darius Miller",93,96,89,"Forward"
"DarrenCollison",NA,151821,NA,NA,201954,"Darren Collison",91,89,101,"Guard"
"DavidNwaba",1824003,4650000,5022000,NA,1628021,"David Nwaba",101,106,96,"Guard"
"DavidRoddy",NA,NA,2588640,2718240,1631223,"David Roddy",120,97,110,"Forward"
"DavionMitchell",NA,4603200,4833600,5063640,1630558,"Davion Mitchell",105,89,103,"Guard"
"DavisBertans",1.5e+07,1.6e+07,1.6e+07,1.7e+07,202722,"Davis Bertans",96,94,93,"Forward"
"DavonReed",NA,532398,1902133,NA,1628432,"Davon Reed",94,98,92,"Guard"
"DayRonSharpe",NA,2009160,2109480,2210040,1630549,"DayRon Sharpe",98,113,93,"Center"
"DeAaronFox",8099627,28103500,30351780,32600060,1628368,"DeAaron Fox",98,89,100,"Guard"
"DeAndreHunter",7422000,7775400,9835881,20089286,1629631,"DeAndre Hunter",112,96,106,"Guard"
"DeAnthonyMelton",9571712,8805976,8250000,8e+06,1629001,"DeAnthony Melton",94,94,94,"Guard"
"DeanWade",1517981,1782621,1930681,5709877,1629731,"Dean Wade",97,100,94,"Forward"
"DeandreAyton",10018200,12632950,30913750,32459438,1629028,"Deandre Ayton",96,125,101,"Center"
"DeAndreBembry",1737145,2271045,NA,NA,1627761,"DeAndre Bembry",87,97,86,"Guard"
"DeAndreJordan",10375678,11109327,10733758,3196448,201599,"DeAndre Jordan",91,118,95,"Center"
"DejounteMurray",14286000,15428880,17071120,18214000,1627749,"Dejounte Murray",90,92,90,"Guard"
"DelonWright",9e+06,8526316,7804878,8195122,1626153,"Delon Wright",93,96,98,"Guard"
"DeMarDeRozan",27739975,2.6e+07,27300000,28600000,201942,"DeMar DeRozan",97,97,100,"Guard"
"DeMarcusCousins",3051832,2038942,NA,NA,202326,"DeMarcus Cousins",101,111,101,"Center"
"DeMarreCarroll",6119676,1242340,NA,NA,201960,"DeMarre Carroll",97,103,94,"Forward"
"DeniAvdija",4469160,4692840,4916160,6263188,1630166,"Deni Avdija",99,104,95,"Forward"
"DenzelValentine",4642800,1005633,NA,NA,1627756,"Denzel Valentine",109,95,100,"Guard"
"DeonteBurton",NA,NA,105522,NA,1629126,"Deonte Burton",90,95,88,"Guard"
"DerrickFavors",9258000,9720900,10350803,NA,202324,"Derrick Favors",96,112,90,"Forward"
"DerrickRose",7682926,13445120,14520730,3196448,201565,"Derrick Rose",121,85,126,"Guard"
"DerrickWhite",3516284,15678571,17142857,18857143,1628401,"Derrick White",96,97,101,"Guard"
"DesmondBane",1936440,2033160,2130240,3845083,1630217,"Desmond Bane",125,96,118,"Guard"
"DevinBooker",29467800,31650600,33833400,36016200,1626164,"Devin Booker",111,87,105,"Guard"
"DevinVassell",4033440,4235160,4437000,5887899,1630170,"Devin Vassell",94,99,92,"Guard"
"DevonteGraham",1663861,1.1e+07,11550000,12100000,1628984,"Devonte Graham",94,93,91,"Guard"
"DewayneDedmon",3447478,5256308,8283688,2748674,203473,"Dewayne Dedmon",90,108,87,"Center"
"DillonBrooks",11400000,12200000,11400000,22627671,1628415,"Dillon Brooks",126,94,117,"Guard"
"DionWaiters",12650000,NA,NA,NA,203079,"Dion Waiters",107,88,106,"Guard"
"DJAugustin",6666667,7622467,633938,NA,201571,"D.J. Augustin",101,89,104,"Guard"
"DJWilson",4548280,308493,250000,134863,1628391,"D.J. Wilson",91,105,94,"Forward"
"DomantasSabonis",19800000,18500000,21100000,29300000,1627734,"Domantas Sabonis",98,99,94,"Forward"
"DonovanMitchell",5195501,28103500,30913750,33162030,1628378,"Donovan Mitchell",124,85,122,"Guard"
"DonteDiVincenzo",3044160,4675830,4500000,10900000,1628978,"Donte DiVincenzo",95,101,102,"Guard"
"DorianFinneySmith",4e+06,4e+06,12939848,13932008,1627827,"Dorian Finney-Smith",95,99,92,"Forward"
"DougMcDermott",7333333,13750000,13750000,1.4e+07,203926,"Doug McDermott",100,95,91,"Forward"
"DraymondGreen",22246956,24026712,25806468,22321429,203110,"Draymond Green",91,102,88,"Forward"
"DrewEubanks",1620564,2239820,1968175,2346614,1629234,"Drew Eubanks",87,108,89,"Forward"
"DuaneWashingtonJr",NA,1346676,628802,443965,1630613,"Duane Washington Jr.",107,88,102,"Guard"
"DuncanRobinson",1663861,15650000,16902000,18154000,1629130,"Duncan Robinson",126,90,120,"Forward"
"DwayneBacon",1678854,NA,NA,NA,1628407,"Dwayne Bacon",87,98,88,"Guard"
"DwightHoward",2564753,2641691,NA,NA,2730,"Dwight Howard",103,130,112,"Forward"
"DwightPowell",11080125,11080125,11080125,4e+06,203939,"Dwight Powell",89,107,88,"Forward"
"DylanWindler",2137440,2239200,4037277,1116288,1629685,"Dylan Windler",96,99,94,"Guard"
"DysonDaniels",NA,NA,5508600,5784120,1630700,"Dyson Daniels",91,99,91,"Guard"
"DzananMusa",2002800,NA,NA,NA,1629058,"Dzanan Musa",93,96,91,"Guard"
"ETwaunMoore",2331593,2641691,NA,NA,202734,"ETwaun Moore",90,93,90,"Guard"
"EdDavis",5005350,2641691,NA,NA,202334,"Ed Davis",92,120,89,"Forward"
"EdmondSumner",2160000,2320000,1968175,40459,1628410,"Edmond Sumner",93,94,91,"Guard"
"ElfridPayton",4767000,2239544,NA,NA,203901,"Elfrid Payton",92,97,99,"Guard"
"ElijahHughes",898310,1517981,NA,NA,1630190,"Elijah Hughes",93,94,89,"Guard"
"EmmanuelMudiay",NA,111457,NA,NA,1626144,"Emmanuel Mudiay",103,85,107,"Guard"
"EnesKanter",5005350,2641691,NA,NA,202683,"Enes Kanter",88,108,86,"Center"
"EricBledsoe",16875000,18125000,1300000,1300000,202339,"Eric Bledsoe",85,91,95,"Guard"
"EricGordon",16869267,18218818,19568360,3196448,201569,"Eric Gordon",112,85,119,"Guard"
"EricPaschall",1517981,1782621,NA,NA,1629672,"Eric Paschall",102,101,99,"Forward"
"ErsanIlyasova",1194542,151821,NA,NA,101141,"Ersan Ilyasova",96,111,98,"Forward"
"EugeneOmoruyi",NA,281831,1013119,1459782,1630647,"Eugene Omoruyi",103,99,94,"Forward"
"EvanFournier",17150000,17142857,1.8e+07,18857143,203095,"Evan Fournier",98,91,94,"Guard"
"EvanMobley",NA,8075160,8478720,8882640,1630596,"Evan Mobley",93,114,101,"Center"
"FacundoCampazzo",3200000,3100000,464299,NA,1630267,"Facundo Campazzo",97,92,97,"Guard"
"FrankJackson",699115,3e+06,113114,NA,1628402,"Frank Jackson",100,95,96,"Guard"
"FrankKaminsky",1737145,2089448,2463490,NA,1626163,"Frank Kaminsky",95,103,94,"Forward"
"FrankNtilikina",6176578,1789256,2036318,2528233,1628373,"Frank Ntilikina",98,91,96,"Guard"
"FranzWagner",NA,5007840,5258280,5508720,1630532,"Franz Wagner",105,99,106,"Forward"
"FredVanVleet",21250000,19675926,21250000,40806300,1627832,"Fred VanVleet",89,95,88,"Guard"
"FurkanKorkmaz",1762796,4629630,5e+06,5370370,1627788,"Furkan Korkmaz",99,96,95,"Guard"
"GabeVincent",660750,1669178,1815677,10500000,1629216,"Gabe Vincent",97,92,94,"Guard"
"GarrettTemple",4767000,4910000,5155500,3196448,202066,"Garrett Temple",93,95,94,"Guard"
"GarrisonMathews",688052,2e+06,2e+06,2e+06,1629726,"Garrison Mathews",99,95,93,"Guard"
"GaryClark",2018458,811213,NA,NA,1629109,"Gary Clark",93,99,90,"Forward"
"GaryHarris",19610714,20932143,1.3e+07,1.3e+07,203914,"Gary Harris",93,93,88,"Guard"
"GaryPaytonII",249864,1669178,8300000,8715000,1627780,"Gary Payton II",97,103,96,"Guard"
"GaryTrentJr",1663861,16225000,17280000,18560000,1629018,"Gary Trent Jr.",106,94,101,"Guard"
"GeorgeHill",9590602,5275491,4e+06,NA,201588,"George Hill",101,93,103,"Guard"
"GeorgesNiang",1783557,3300000,3465000,8800000,1627777,"Georges Niang",95,95,91,"Forward"
"GiannisAntetokounmpo",27528088,39344900,42492492,45640084,203507,"Giannis Antetokounmpo",91,101,96,"Forward"
"GlennRobinsonIII",1165322,NA,NA,NA,203922,"Glenn Robinson III",89,97,87,"Forward"
"GogaBitadze",2957520,3098400,5377520,2066585,1629048,"Goga Bitadze",88,98,87,"Forward"
"GoranDragic",1.8e+07,19348907,3523762,NA,201609,"Goran Dragic",97,91,94,"Guard"
"GordonHayward",28500000,29925000,30075000,33319397,202330,"Gordon Hayward",90,95,89,"Forward"
"GorguiDieng",17587688,4e+06,4105236,NA,203476,"Gorgui Dieng",88,110,88,"Center"
"GrantWilliams",2498760,2617800,4306281,12405000,1629684,"Grant Williams",95,100,91,"Forward"
"GraysonAllen",2545320,4054695,8925000,8925000,1628960,"Grayson Allen",98,89,92,"Guard"
"GregMonroe",NA,612805,NA,NA,202328,"Greg Monroe",94,122,94,"Forward"
"GuerschonYabusele",1039080,NA,NA,NA,1627824,"Guerschon Yabusele",90,98,88,"Forward"
"HamidouDiallo",1663861,5200000,5200000,134863,1628977,"Hamidou Diallo",92,99,87,"Guard"
"HarrisonBarnes",22215909,20284091,18352273,1.7e+07,203084,"Harrison Barnes",98,100,97,"Forward"
"HassanWhiteside",2320044,2401537,NA,NA,202355,"Hassan Whiteside",87,128,95,"Center"
"HaywoodHighsmith",NA,547701,1752638,1902137,1629312,"Haywood Highsmith",92,102,92,"Forward"
"HenryEllenson",168983,NA,NA,NA,1627740,"Henry Ellenson",90,97,89,"Forward"
"IgnasBrazdeikis",1686315,462629,NA,NA,1629649,"Ignas Brazdeikis",96,97,91,"Forward"
"ImanShumpert",803044,NA,NA,NA,202697,"Iman Shumpert",106,93,104,"Guard"
"ImmanuelQuickley",2105520,2210640,2316240,4171548,1630193,"Immanuel Quickley",110,92,105,"Guard"
"IsaacBonga",1663861,1729217,NA,NA,1629067,"Isaac Bonga",96,102,93,"Guard"
"IsaacOkoro",6400920,6720720,7040880,8920794,1630171,"Isaac Okoro",104,96,98,"Guard"
"IsaiahHartenstein",1620564,1729217,8854879,9245121,1628392,"Isaiah Hartenstein",95,105,91,"Forward"
"IsaiahJackson",NA,2451240,2573760,2696280,1630543,"Isaiah Jackson",96,106,94,"Forward"
"IsaiahJoe",898310,1517981,1836090,1997238,1630198,"Isaiah Joe",97,93,92,"Guard"
"IsaiahLivers",NA,1057260,1563518,1836096,1630587,"Isaiah Livers",102,97,97,"Forward"
"IsaiahRoby",1517981,1782621,2330681,NA,1629676,"Isaiah Roby",97,104,96,"Forward"
"IsaiahStewart",3121080,3277080,3433320,5266713,1630191,"Isaiah Stewart",96,116,95,"Forward"
"IsaiahThomas",159698,910926,NA,477630,202738,"Isaiah Thomas",106,92,105,"Guard"
"IvicaZubac",7e+06,7518518,10123457,10933333,1627826,"Ivica Zubac",89,106,91,"Center"
"JaMorant",9166800,9603360,12119440,34005250,1629630,"Ja Morant",120,87,126,"Guard"
"JabariParker",6930729,1168286,NA,NA,203953,"Jabari Parker",89,106,98,"Forward"
"JabariWalker",NA,NA,1017781,1719864,1631133,"Jabari Walker",92,100,89,"Forward"
"JadenHardy",NA,NA,1017781,1719864,1630702,"Jaden Hardy",102,92,98,"Guard"
"JadenIvey",NA,NA,7252200,7614480,1631093,"Jaden Ivey",114,87,109,"Guard"
"JadenMcDaniels",1964760,2063280,2161440,3901399,1630183,"Jaden McDaniels",102,101,98,"Forward"
"JaeCrowder",9258000,9720900,10183800,3196448,203109,"Jae Crowder",97,97,94,"Forward"
"JaeSeanTate",1445697,1517981,7065217,7e+06,1630256,"JaeSean Tate",107,106,102,"Forward"
"JahlilOkafor",1882867,2130023,NA,NA,1626143,"Jahlil Okafor",99,109,101,"Forward"
"JaKarrSampson",1882867,NA,NA,NA,203960,"JaKarr Sampson",95,95,91,"Forward"
"JakeLaRavia",NA,NA,3047640,3199920,1631222,"Jake LaRavia",115,97,105,"Forward"
"JakeLayman",3761085,3940184,NA,NA,1627774,"Jake Layman",90,94,87,"Forward"
"JakobPoeltl",8101852,8750000,9398148,19500000,1627751,"Jakob Poeltl",94,105,88,"Center"
"JalenBrunson",1663861,1802057,27733332,26346666,1628973,"Jalen Brunson",100,93,99,"Guard"
"JalenDuren",NA,NA,4124280,4330680,1631105,"Jalen Duren",95,125,94,"Center"
"JalenGreen",NA,8992080,9441840,9891480,1630224,"Jalen Green",114,88,111,"Guard"
"JalenJohnson",NA,2659680,2792640,2925360,1630552,"Jalen Johnson",93,104,92,"Forward"
"JalenMcDaniels",1517981,1782621,1930681,4516000,1629667,"Jalen McDaniels",99,101,94,"Forward"
"JalenSmith",4245720,4458000,4670160,5043773,1630188,"Jalen Smith",100,112,97,"Forward"
"JalenSuggs",NA,6592920,6922320,7252080,1630591,"Jalen Suggs",106,86,104,"Guard"
"JalenWilliams",NA,NA,4341480,4558680,1631114,"Jalen Williams",102,99,104,"Guard"
"JamalMurray",27285000,29467800,31650600,33833400,1627750,"Jamal Murray",105,92,103,"Guard"
"JamesBouknight",NA,4154400,4362240,4570080,1630547,"James Bouknight",95,97,90,"Guard"
"JamesHarden",41254920,44310840,3.3e+07,35680595,201935,"James Harden",106,94,104,"Guard"
"JamesJohnson",16047100,2641691,3841067,3839412,201949,"James Johnson",95,99,96,"Forward"
"JamesWiseman",8730240,9166800,9603360,12119440,1630164,"James Wiseman",100,107,96,"Center"
"JaMychalGreen",7199760,8200000,8200000,NA,203210,"JaMychal Green",118,108,109,"Forward"
"JaredButler",NA,925258,1674655,1809782,1630215,"Jared Butler",95,91,93,"Guard"
"JaredDudley",2564753,NA,NA,NA,201162,"Jared Dudley",104,102,101,"Forward"
"JarenJacksonJr",7257360,9180560,28946605,27102202,1628991,"Jaren Jackson Jr.",126,100,118,"Forward"
"JarredVanderbilt",1663861,4050000,4374000,4640000,1629020,"Jarred Vanderbilt",88,113,90,"Forward"
"JarrettAllen",3909902,2e+07,2e+07,2e+07,1628386,"Jarrett Allen",92,111,93,"Center"
"JarrettCulver",6104280,6395160,260295,NA,1629633,"Jarrett Culver",103,97,100,"Guard"
"JaValeMcGee",4200000,5e+06,5461219,5544772,201580,"JaVale McGee",91,121,96,"Forward"
"JavonteGreen",1517981,1669178,1815677,261293,1629750,"Javonte Green",87,98,87,"Guard"
"JaxsonHayes",5105160,5348280,6803012,2165000,1629637,"Jaxson Hayes",94,107,91,"Forward"
"JaylenAdams",449115,NA,NA,NA,1629121,"Jaylen Adams",94,94,92,"Guard"
"JaylenBrown",25035118,26758928,29776785,31830357,1627759,"Jaylen Brown",95,98,93,"Guard"
"JaylenNowell",1517981,1782621,1930681,398160,1629669,"Jaylen Nowell",103,95,97,"Guard"
"JaylinWilliams",NA,NA,2e+06,2e+06,1631119,"Jaylin Williams",98,106,94,"Forward"
"JaysonTatum",9897120,28103500,30351780,32600060,1628369,"Jayson Tatum",99,100,106,"Guard"
"JeffGreen",2564753,4500000,4500000,8e+06,201145,"Jeff Green",103,101,101,"Forward"
"JeffTeague",3372826,NA,NA,NA,201952,"Jeff Teague",88,93,90,"Guard"
"JeramiGrant",19050000,20002500,20955000,27586207,203924,"Jerami Grant",96,96,94,"Forward"
"JeremiahRobinsonEarl",NA,2e+06,2e+06,2548843,1630526,"Jeremiah Robinson-Earl",98,109,95,"Forward"
"JeremyLamb",10500000,10500000,NA,NA,203087,"Jeremy Lamb",98,95,98,"Guard"
"JeremySochan",NA,NA,5063520,5316960,1631110,"Jeremy Sochan",103,104,100,"Forward"
"JerianGrant",50000,NA,NA,NA,1626170,"Jerian Grant",91,93,91,"Guard"
"JerichoSims",NA,462629,1639842,1927896,1630579,"Jericho Sims",89,109,87,"Center"
"JeromeRobinson",3737520,NA,NA,559782,1629010,"Jerome Robinson",90,94,90,"Guard"
"JevonCarter",3925000,4107149,6025000,6190476,1628975,"Jevon Carter",116,93,108,"Guard"
"JimmyButler",34379100,36016200,37653300,45183960,202710,"Jimmy Butler",98,98,92,"Forward"
"JJRedick",13013700,NA,NA,NA,200755,"JJ Redick",103,91,101,"Guard"
"JoakimNoah",6431666,6431666,NA,NA,201149,"Joakim Noah",102,128,101,"Forward"
"JockLandale",NA,925258,1563518,8e+06,1629111,"Jock Landale",95,101,92,"Center"
"JoeHarris",16071429,17357143,18642857,19928571,203925,"Joe Harris",96,93,89,"Guard"
"JoeIngles",10363637,13036364,6479000,1.1e+07,204060,"Joe Ingles",96,93,95,"Guard"
"JoeJohnson",NA,151821,NA,NA,2207,"Joe Johnson",110,93,112,"Guard"
"JoelEmbiid",29542010,31579390,33616770,47607350,203954,"Joel Embiid",109,100,114,"Forward"
"JohnCollins",4137302,2.3e+07,23500000,25340000,1628381,"John Collins",97,116,96,"Forward"
"JohnHenson",158907,NA,NA,NA,203089,"John Henson",83,110,88,"Forward"
"JohnKonchar",2100000,2200000,2300000,2400000,1629723,"John Konchar",109,102,106,"Guard"
"JohnWall",41254920,44310840,47345760,NA,202322,"John Wall",90,87,104,"Guard"
"JonLeuer",3169348,3169348,NA,NA,202720,"Jon Leuer",86,103,89,"Forward"
"JonasValanciunas",1.5e+07,1.4e+07,14700000,15435000,202685,"Jonas Valanciunas",94,110,93,"Center"
"JonathanIsaac",7362565,17400000,17400000,17400000,1628371,"Jonathan Isaac",98,106,99,"Forward"
"JonathanKuminga",NA,5466360,5739840,6012840,1630228,"Jonathan Kuminga",101,99,97,"Forward"
"JordanBell",592368,102831,NA,NA,1628395,"Jordan Bell",88,104,92,"Forward"
"JordanClarkson",11500000,12420000,13340000,23487629,203903,"Jordan Clarkson",98,96,99,"Guard"
"JordanGoodwin",NA,53176,1280206,2208045,1630692,"Jordan Goodwin",93,100,93,"Guard"
"JordanMcLaughlin",503760,2e+06,2160000,2420000,1629162,"Jordan McLaughlin",89,95,92,"Guard"
"JordanNwora",898310,1517981,2800000,3e+06,1629670,"Jordan Nwora",94,98,97,"Forward"
"JordanPoole",2063280,2161440,3901399,27955357,1629673,"Jordan Poole",102,89,99,"Guard"
"JoseAlvarado",NA,1925406,1563518,1836096,1630631,"Jose Alvarado",95,95,96,"Guard"
"JoshChristopher",NA,2259240,2372160,2732920,1630528,"Josh Christopher",97,93,96,"Guard"
"JoshGiddey",NA,5988000,6287400,6587040,1630581,"Josh Giddey",97,103,106,"Guard"
"JoshGreen",2816760,2957520,3098400,4765339,1630182,"Josh Green",90,100,87,"Guard"
"JoshHart",3491159,1.2e+07,12960000,12960000,1628404,"Josh Hart",99,102,98,"Guard"
"JoshJackson",4767000,5005350,NA,NA,1628367,"Josh Jackson",106,98,100,"Guard"
"JoshOkogie",2651040,4087904,1968175,2815937,1629006,"Josh Okogie",100,97,96,"Guard"
"JoshRichardson",10865952,11615328,12196094,2891467,1626196,"Josh Richardson",96,96,96,"Guard"
"JRSmith",1456667,1456667,NA,NA,2747,"JR Smith",109,97,107,"Guard"
"JrueHoliday",27026011,31171333,34319520,37620347,201950,"Jrue Holiday",103,91,110,"Guard"
"JTThor",NA,1250000,1563518,1836096,1630550,"JT Thor",87,97,86,"Forward"
"JuanToscanoAnderson",943963,1701593,2133278,447931,1629308,"Juan Toscano-Anderson",92,101,96,"Forward"
"JuliusRandle",19845000,19800000,23760000,26943840,203944,"Julius Randle",92,122,94,"Forward"
"JustinAnderson",125000,445828,NA,NA,1626147,"Justin Anderson",89,99,89,"Guard"
"JustinChampagnie",NA,462629,853241,254412,1630551,"Justin Champagnie",92,102,88,"Guard"
"JustinHoliday",5720400,6006420,5987975,3196448,203200,"Justin Holiday",92,94,90,"Guard"
"JustinJackson",5109637,308493,1836090,145301,1628382,"Justin Jackson",95,98,94,"Forward"
"JustinJames",1517981,95930,NA,NA,1629713,"Justin James",88,95,87,"Guard"
"JustiseWinslow",1.3e+07,3902439,4097561,166176,1626159,"Justise Winslow",92,105,95,"Guard"
"JusufNurkic",12888889,1.2e+07,15625000,16875000,203994,"Jusuf Nurkic",96,112,93,"Center"
"KaiJones",NA,2770560,2909040,3198778,1630539,"Kai Jones",89,101,89,"Forward"
"KarlAnthonyTowns",29467800,31650600,33833400,36016200,1626157,"Karl-Anthony Towns",99,121,106,"Forward"
"KawhiLeonard",34379100,39344900,42492492,45640084,202695,"Kawhi Leonard",92,109,94,"Forward"
"KeeganMurray",NA,NA,8008440,8409000,1631099,"Keegan Murray",114,101,108,"Forward"
"KeiferSykes",NA,558345,NA,NA,1626208,"Keifer Sykes",99,91,95,"Guard"
"KeitaBatesDiop",449115,1729217,1878720,2346614,1628966,"Keita Bates-Diop",90,100,90,"Forward"
"KelanMartin",1445697,993760,NA,NA,1629103,"Kelan Martin",98,98,94,"Forward"
"KeldonJohnson",2048040,2145720,3873024,2e+07,1629640,"Keldon Johnson",101,107,99,"Guard"
"KeljinBlevins",449115,462629,NA,NA,1629833,"Keljin Blevins",94,95,89,"Guard"
"KellyOlynyk",12819650,12195122,12804878,12195122,203482,"Kelly Olynyk",104,107,99,"Forward"
"KembaWalker",34379100,34967442,37281261,NA,202689,"Kemba Walker",95,93,98,"Guard"
"KendrickNunn",1663861,5e+06,5250000,NA,1629134,"Kendrick Nunn",111,88,111,"Guard"
"KennedyChandler",NA,NA,1200000,1719864,1631113,"Kennedy Chandler",105,95,101,"Guard"
"KenrichWilliams",2e+06,2e+06,2e+06,6175000,1629026,"Kenrich Williams",99,105,96,"Guard"
"KentBazemore",2320044,2401537,NA,NA,203145,"Kent Bazemore",87,93,86,"Guard"
"KentaviousCaldwellPope",12073020,13038862,14004703,14704938,203484,"Kentavious Caldwell-Pope",100,97,94,"Guard"
"KeonJohnson",NA,2553240,2681040,3342765,1630553,"Keon Johnson",98,93,95,"Guard"
"KesslerEdwards",NA,463211,1637966,1927896,1630556,"Kessler Edwards",100,101,96,"Forward"
"KevinDurant",40108950,42018900,44119845,47649433,201142,"Kevin Durant",117,95,122,"Forward"
"KevinHuerter",2761920,4253357,14508929,15669643,1628989,"Kevin Huerter",108,94,106,"Guard"
"KevinLove",31258256,31258256,30556968,3835738,201567,"Kevin Love",104,141,108,"Forward"
"KevonHarris",NA,NA,508891,559782,1630284,"Kevon Harris",95,99,91,"Guard"
"KevonLooney",4821429,5178572,8e+06,7500000,1626172,"Kevon Looney",89,102,86,"Forward"
"KhemBirch",3011499,6350000,6667500,6985000,203920,"Khem Birch",89,110,88,"Center"
"KhrisMiddleton",33051724,35500000,37984276,29320988,203114,"Khris Middleton",105,96,104,"Forward"
"KillianHayes",5307120,5572680,5837760,7413955,1630165,"Killian Hayes",96,94,95,"Guard"
"KillianTillie",449115,1901625,1901625,NA,1629681,"Killian Tillie",116,97,106,"Forward"
"KlayThompson",35361360,37980720,40600080,43219440,202691,"Klay Thompson",110,90,106,"Guard"
"KobiSimmons",NA,NA,32795,120250,1628424,"Kobi Simmons",115,91,108,"Guard"
"KrisDunn",4767000,5317430,1000001,2586484,1627739,"Kris Dunn",91,95,90,"Guard"
"KristapsPorzingis",29467800,31650600,33833400,36016200,204001,"Kristaps Porzingis",103,109,105,"Forward"
"KyleAnderson",9505100,9937150,8780488,9219512,203937,"Kyle Anderson",84,99,85,"Guard"
"KyleGuy",537888,383079,NA,NA,1629657,"Kyle Guy",91,95,88,"Guard"
"KyleKuzma",3562178,1.3e+07,1.3e+07,25568182,1628398,"Kyle Kuzma",113,101,111,"Forward"
"KyleLowry",30500000,26984128,28333334,29682540,200768,"Kyle Lowry",110,94,112,"Guard"
"KyleSingler",999200,999200,999200,NA,202713,"Kyle Singler",105,102,99,"Forward"
"KyrieIrving",33722850,35328700,38917057,38037037,202681,"Kyrie Irving",113,87,116,"Guard"
"KZOkpala",1517981,1782621,1902133,NA,1629644,"KZ Okpala",90,98,87,"Guard"
"LamarStevens",1e+06,1517981,1782621,2492354,1630205,"Lamar Stevens",92,100,88,"Forward"
"LaMarcusAldridge",17628340,2641691,NA,NA,200746,"LaMarcus Aldridge",105,120,110,"Forward"
"LaMeloBall",7839960,8231760,8623920,10900635,1630163,"LaMelo Ball",108,95,111,"Guard"
"LanceStephenson",NA,1614825,NA,NA,202362,"Lance Stephenson",88,94,87,"Forward"
"LandryShamet",2090040,3768342,9500000,10250000,1629013,"Landry Shamet",105,92,103,"Guard"
"LangstonGalloway",2028594,386127,NA,NA,204038,"Langston Galloway",105,98,103,"Guard"
"LarryNanceJr",11709091,10690909,9672727,10375000,1626204,"Larry Nance Jr.",92,111,91,"Forward"
"LarrySanders",1865546,1865546,NA,NA,202336,"Larry Sanders",77,103,84,"Forward"
"LauriMarkkanen",6731508,15690909,16475454,17259999,1628374,"Lauri Markkanen",114,108,109,"Forward"
"LeandroBolmaro",NA,2353320,1709300,NA,1630195,"Leandro Bolmaro",89,97,86,"Forward"
"LeBronJames",39219566,41180544,44474988,47607350,2544,"LeBron James",106,95,122,"Forward"
"LindyWatersIII",NA,159527,2316876,766095,1630322,"Lindy Waters III",101,96,96,"Forward"
"LonzoBall",11003782,18604651,19534884,20465117,1628366,"Lonzo Ball",100,100,107,"Guard"
"LuguentzDort",1517981,1782621,15277778,15277778,1629652,"Luguentz Dort",104,97,96,"Guard"
"LukaDoncic",8049360,10174391,37096500,40064220,1629029,"Luka Doncic",114,95,118,"Guard"
"LukaGarza",NA,925258,508891,687465,1630568,"Luka Garza",101,105,92,"Center"
"LukaSamanic",2824320,3355239,538317,2066585,1629677,"Luka Samanic",93,97,89,"Forward"
"LukeKennard",5273826,13347727,13745455,14763636,1628379,"Luke Kennard",97,94,99,"Guard"
"LukeKornet",2250000,812364,2133278,2413304,1628436,"Luke Kornet",97,98,97,"Forward"
"LuolDeng",5e+06,5e+06,NA,NA,2736,"Luol Deng",119,101,116,"Forward"
"MalachiFlynn",1950600,2048040,2145720,3873024,1630201,"Malachi Flynn",96,94,95,"Guard"
"MalakiBranham",NA,NA,2925600,3071880,1631103,"Malaki Branham",104,93,99,"Forward"
"MalcolmBrogdon",20700000,21700000,22600000,22500000,1627763,"Malcolm Brogdon",92,94,102,"Guard"
"MalikBeasley",13425895,14491964,15558035,2709849,1627736,"Malik Beasley",91,95,89,"Guard"
"MalikMonk",5345687,1789256,9472219,9945830,1628370,"Malik Monk",100,90,95,"Guard"
"MarcGasol",2564753,2692991,NA,NA,201188,"Marc Gasol",111,111,112,"Center"
"MarcusMorris",14883721,15627907,16372093,17612280,202694,"Marcus Morris",104,100,96,"Forward"
"MarcusSmart",12946428,13839285,17207142,18583713,203935,"Marcus Smart",105,96,102,"Guard"
"MarioChalmers",NA,138019,NA,NA,201596,"Mario Chalmers",98,91,99,"Guard"
"MarioHezonja",1977011,NA,NA,NA,1626209,"Mario Hezonja",97,93,96,"Guard"
"MarJonBeauchamp",NA,NA,2485200,2609400,1630699,"MarJon Beauchamp",93,96,93,"Forward"
"MarkWilliams",NA,NA,3722040,3908160,1631109,"Mark Williams",90,117,92,"Center"
"MarkelleFultz",12288697,16500000,16500000,1.7e+07,1628365,"Markelle Fultz",97,92,102,"Guard"
"MarkieffMorris",2331593,2641691,2905851,3196448,202693,"Markieff Morris",100,103,96,"Forward"
"MarkoGuduric",2750000,NA,NA,NA,1629741,"Marko Guduric",113,94,107,"Guard"
"MarkusHoward",535294,462629,NA,NA,1630210,"Markus Howard",92,92,88,"Guard"
"MarqueseChriss",1824003,1292900,2193920,NA,1627737,"Marquese Chriss",105,101,97,"Forward"
"MasonJones",424544,295125,NA,212331,1630222,"Mason Jones",94,93,91,"Guard"
"MasonPlumlee",8e+06,9248333,9080417,5e+06,203486,"Mason Plumlee",93,106,92,"Forward"
"MatisseThybulle",2711280,2840160,4379526,10500000,1629680,"Matisse Thybulle",97,95,95,"Guard"
"MattRyan",NA,111669,806097,2059782,1630346,"Matt Ryan",96,93,92,"Forward"
"MattThomas",1517981,1669178,NA,NA,1629744,"Matt Thomas",98,95,95,"Guard"
"MatthewDellavedova",2174318,NA,2628597,NA,203521,"Matthew Dellavedova",106,94,97,"Guard"
"MaxChristie",NA,NA,1017781,1719864,1631108,"Max Christie",90,97,89,"Guard"
"MaxStrus",647098,1669178,1815677,14487684,1629622,"Max Strus",99,93,95,"Guard"
"MaxiKleber",8475000,8750000,9e+06,1.1e+07,1628467,"Maxi Kleber",93,103,91,"Forward"
"MeyersLeonard",9400000,NA,713558,NA,203086,"Meyers Leonard",91,105,88,"Forward"
"MfionduKabengele",2432353,19186,508891,NA,1629662,"Mfiondu Kabengele",89,97,86,"Center"
"MichaelCarterWilliams",3300000,3300000,652829,NA,203487,"Michael Carter-Williams",106,95,110,"Guard"
"MikalBridges",4359000,5557725,20100000,21700000,1628969,"Mikal Bridges",101,98,98,"Guard"
"MikeConley",34502132,2.1e+07,22680000,24360000,201144,"Mike Conley",122,90,125,"Guard"
"MikeJames",237648,NA,NA,NA,2229,"Mike James",102,90,99,"Guard"
"MikeJames",237648,NA,NA,NA,1628455,"Mike James",96,92,98,"Guard"
"MikeMuscala",2283034,3500000,3500000,4308297,203488,"Mike Muscala",92,104,91,"Forward"
"MikeScott",5005350,NA,NA,NA,203118,"Mike Scott",89,103,87,"Forward"
"MilesBridges",3934320,5421493,NA,7921300,1628970,"Miles Bridges",94,103,95,"Forward"
"MilesMcBride",NA,925258,1563518,1836096,1630540,"Miles McBride",93,95,89,"Guard"
"MitchellRobinson",1663861,1802057,17045454,15681818,1629011,"Mitchell Robinson",90,120,91,"Forward"
"MiyeOni",1517981,946261,NA,NA,1629671,"Miye Oni",93,97,89,"Guard"
"MoBamba",5969040,7568743,10300000,2346614,1628964,"Mo Bamba",91,107,90,"Center"
"MontaEllis",2245400,2245400,NA,NA,101145,"Monta Ellis",111,83,117,"Guard"
"MonteMorris",1723707,8449074,9125000,9800926,1628420,"Monte Morris",97,96,100,"Guard"
"MontrezlHarrell",9258000,9720900,2463490,2019706,1626149,"Montrezl Harrell",91,99,88,"Forward"
"MoritzWagner",2383915,1729217,1878720,8e+06,1629021,"Moritz Wagner",95,95,91,"Forward"
"MosesBrown",1250000,1933909,824041,2165000,1629650,"Moses Brown",89,128,90,"Center"
"MosesMoody",NA,3562200,3740160,3918480,1630541,"Moses Moody",94,96,90,"Guard"
"MychalMulder",1517981,257902,NA,NA,1628539,"Mychal Mulder",102,92,96,"Guard"
"MylesTurner",1.8e+07,1.8e+07,35096500,20975000,1626167,"Myles Turner",91,108,93,"Forward"
"NajiMarshall",538391,1517981,1782621,1930681,1630230,"Naji Marshall",94,101,95,"Forward"
"NassirLittle",2210640,2316240,4171548,6250000,1629642,"Nassir Little",94,100,89,"Guard"
"NathanKnight",522989,462629,1836090,160857,1630233,"Nathan Knight",89,100,87,"Forward"
"NazReid",1517981,1782621,1930681,12950400,1629675,"Naz Reid",101,104,96,"Forward"
"NemanjaBjelica",7150000,2089448,NA,NA,202357,"Nemanja Bjelica",100,101,94,"Forward"
"NerlensNoel",5e+06,8800000,9391069,3e+05,203457,"Nerlens Noel",84,116,93,"Forward"
"NickRichards",1e+06,1517981,1782621,NA,1630208,"Nick Richards",88,99,86,"Center"
"NickeilAlexanderWalker",3113160,3261480,5009633,4687500,1629638,"Nickeil Alexander-Walker",99,91,96,"Guard"
"NicolasBatum",11608231,12026998,19700319,11710818,201587,"Nicolas Batum",108,102,103,"Guard"
"NicolasClaxton",1517981,1782621,9350000,9625000,1629651,"Nicolas Claxton",89,111,92,"Center"
"NicoloMelli",3897436,NA,NA,NA,1629740,"Nicolo Melli",101,98,95,"Forward"
"NikStauskas",NA,534993,702311,702311,203917,"Nik Stauskas",94,93,91,"Guard"
"NikolaJokic",29542010,31044906,33047803,47607350,203999,"Nikola Jokic",99,115,99,"Center"
"NikolaVucevic",2.6e+07,2.4e+07,2.2e+07,18518519,202696,"Nikola Vucevic",93,111,91,"Center"
"NoahVonleh",427725,NA,1160955,NA,203943,"Noah Vonleh",91,106,88,"Forward"
"NormanPowell",10865952,15517242,16758621,1.8e+07,1626181,"Norman Powell",94,97,94,"Guard"
"ObiToppin",4862040,5105160,5348280,6803012,1630167,"Obi Toppin",91,99,90,"Forward"
"OchaiAgbaji",NA,NA,3918360,4114200,1630534,"Ochai Agbaji",107,95,100,"Guard"
"OGAnunoby",3872215,16071429,17357143,18642857,1628384,"OG Anunoby",101,98,97,"Guard"
"OmariSpellman",1988280,NA,NA,NA,1629016,"Omari Spellman",97,106,93,"Forward"
"OmerYurtseven",NA,1489065,1752638,2800000,1630209,"Omer Yurtseven",88,111,90,"Center"
"OnyekaOkongwu",5813640,6104280,6395160,8109063,1630168,"Onyeka Okongwu",92,105,88,"Forward"
"OrlandoRobinson",NA,NA,386055,1801769,1631115,"Orlando Robinson",88,109,88,"Center"
"OshaeBrissett",1255493,1701593,1846738,2165000,1629052,"Oshae Brissett",102,108,98,"Guard"
"OusmaneDieng",NA,NA,4569840,4798440,1631172,"Ousmane Dieng",95,98,93,"Forward"
"PaoloBanchero",NA,NA,11055120,11608080,1631094,"Paolo Banchero",104,99,108,"Forward"
"PascalSiakam",30559200,33003936,35448672,37893408,1627783,"Pascal Siakam",90,105,88,"Forward"
"PatConnaughton",4938273,5333334,5728393,9423869,1626192,"Pat Connaughton",87,96,85,"Guard"
"PatrickBeverley",13333333,14320987,13801614,3196448,201976,"Patrick Beverley",100,98,98,"Guard"
"PatrickMcCaw",4e+06,NA,NA,NA,1627775,"Patrick McCaw",89,95,88,"Guard"
"PatrickPatterson",3814771,737067,NA,NA,202335,"Patrick Patterson",90,108,91,"Forward"
"PatrickWilliams",7068360,7422000,7775400,9835881,1630172,"Patrick Williams",100,101,98,"Forward"
"PaulGeorge",35450412,39344970,42492492,45640084,202331,"Paul George",99,99,97,"Forward"
"PaulMillsap",10100000,2641691,NA,NA,200794,"Paul Millsap",104,113,107,"Forward"
"PaulReed",609128,1517981,1782621,7723000,1630194,"Paul Reed",91,104,87,"Forward"
"PaytonPritchard",2035800,2137440,2239200,4037277,1630202,"Payton Pritchard",103,95,100,"Guard"
"PJDozier",1762796,1910860,784654,NA,1628408,"PJ Dozier",99,99,98,"Guard"
"PJTucker",7969537,7e+06,10490000,11014500,200782,"PJ Tucker",94,108,93,"Forward"
"PJWashington",4023600,4215120,5808435,16847826,1629023,"P.J. Washington",104,101,104,"Forward"
"PreciousAchiuwa",2582160,2711280,2840160,4379526,1630173,"Precious Achiuwa",87,105,88,"Forward"
"QuentinGrimes",NA,2168640,2277000,2385720,1629656,"Quentin Grimes",104,95,97,"Guard"
"QuinnCook",1981649,NA,NA,NA,1626188,"Quinn Cook",102,94,100,"Guard"
"RajonRondo",7500000,7500000,NA,NA,200765,"Rajon Rondo",83,92,105,"Guard"
"RaulNeto",1882867,2089448,2463490,NA,203526,"Raul Neto",96,90,97,"Guard"
"ReggieBullock",4200000,9536000,10012800,14210528,203493,"Reggie Bullock",85,96,88,"Guard"
"ReggieJackson",2331593,10384500,11457217,5e+06,202704,"Reggie Jackson",88,93,88,"Guard"
"RichaunHolmes",5005350,10384500,11215260,12046020,1626158,"Richaun Holmes",96,102,92,"Forward"
"RickyRubio",1.7e+07,17800000,5853659,3722327,201937,"Ricky Rubio",92,89,105,"Guard"
"RJBarrett",8231760,8623920,10900634,23883929,1629628,"RJ Barrett",104,96,103,"Guard"
"RJHampton",2193480,2303040,2898243,680032,1630181,"R.J. Hampton",91,99,91,"Guard"
"RobertCovington",12138345,12975471,12307692,11692308,203496,"Robert Covington",117,94,111,"Forward"
"RobinLopez",7300000,5e+06,2905851,3196448,201577,"Robin Lopez",91,104,90,"Center"
"RodionsKurucs",1780152,NA,NA,NA,1629066,"Rodions Kurucs",103,99,98,"Forward"
"RodneyHood",10047450,2239544,NA,NA,203918,"Rodney Hood",105,93,100,"Guard"
"RodneyMcGruder",5192307,1939350,2298385,NA,203585,"Rodney McGruder",97,101,96,"Guard"
"RomeoLangford",3631200,3804360,5634257,NA,1629641,"Romeo Langford",89,97,88,"Guard"
"RondaeHollisJefferson",502957,NA,NA,NA,1626178,"Rondae Hollis-Jefferson",90,107,93,"Forward"
"RoyceONeale",8500000,8800000,9200000,9500000,1626220,"Royce ONeale",93,100,94,"Forward"
"RudyGay",14500000,5890000,6184500,6479000,200752,"Rudy Gay",123,101,127,"Guard"
"RudyGobert",27525281,35344828,38172414,4.1e+07,203497,"Rudy Gobert",86,105,86,"Center"
"RuiHachimura",4692840,4916160,6263188,15740741,1629060,"Rui Hachimura",98,110,98,"Forward"
"RussellWestbrook",41358814,44211146,47080179,3835738,201566,"Russell Westbrook",97,90,110,"Guard"
"RyanAnderson",5214583,5214583,NA,NA,201583,"Ryan Anderson",118,108,108,"Forward"
"RyanArcidiacono",3e+06,774727,1836090,2528233,1627853,"Ryan Arcidiacono",106,96,99,"Guard"
"SabenLee",516836,1489065,2266640,559782,1630240,"Saben Lee",88,95,90,"Guard"
"SaddiqBey",2689920,2824320,2959080,4556983,1630180,"Saddiq Bey",108,98,105,"Guard"
"SamDekker",NA,350000,NA,NA,1626155,"Sam Dekker",96,104,94,"Forward"
"SamHauser",NA,619498,1637966,1927896,1630573,"Sam Hauser",102,97,99,"Forward"
"SandroMamukelashvili",NA,462629,1116112,2019706,1630572,"Sandro Mamukelashvili",84,100,87,"Forward"
"ScottieBarnes",NA,7280400,7644600,8008680,1630567,"Scottie Barnes",103,113,105,"Guard"
"SekouDoumbouya",3449400,3799131,NA,NA,1629635,"Sekou Doumbouya",98,98,93,"Forward"
"SemiOjeleye",1752950,1789256,NA,NA,1628400,"Semi Ojeleye",91,99,87,"Forward"
"SergeIbaka",9258000,9720900,2905851,NA,201586,"Serge Ibaka",92,121,95,"Forward"
"SethCurry",7834449,8207518,8496653,4e+06,203552,"Seth Curry",97,92,96,"Guard"
"ShaedonSharpe",NA,NA,6012960,6313800,1631101,"Shaedon Sharpe",105,96,99,"Guard"
"ShaiGilgeousAlexander",4141320,5495532,30913750,33386850,1628983,"Shai Gilgeous-Alexander",90,93,99,"Guard"
"ShakeMilton",1701593,1846738,1997718,5552938,1629003,"Shake Milton",108,92,103,"Guard"
"ShaquilleHarrison",915048,308493,134862,145301,1627885,"Shaquille Harrison",95,99,92,"Guard"
"ShaunLivingston",666666,666666,NA,NA,2733,"Shaun Livingston",87,95,91,"Guard"
"SimoneFontecchio",NA,NA,3205128,3044872,1631323,"Simone Fontecchio",101,93,94,"Forward"
"SindariusThornwell",1235889,NA,NA,NA,1628414,"Sindarius Thornwell",87,97,90,"Guard"
"SkylarMays",532218,510907,116574,1165280,1630219,"Skylar Mays",90,96,89,"Guard"
"SolomonHill",2174318,2389641,NA,NA,203524,"Solomon Hill",99,98,97,"Forward"
"SpencerDinwiddie",11454048,19314284,19500000,20411797,203915,"Spencer Dinwiddie",92,92,90,"Guard"
"SpencerHawes",2007058,NA,NA,NA,201150,"Spencer Hawes",90,110,91,"Forward"
"StanleyJohnson",3804150,1368998,4022164,NA,1626169,"Stanley Johnson",103,98,98,"Guard"
"StephenCurry",43006362,45780966,48070014,51915615,201939,"Stephen Curry",120,86,121,"Guard"
"SterlingBrown",1678854,3e+06,3122602,NA,1628425,"Sterling Brown",86,100,89,"Guard"
"StevenAdams",29592695,17073171,17926829,12600000,203500,"Steven Adams",93,108,89,"Center"
"TajGibson",3283684,4910000,2905851,4776302,201959,"Taj Gibson",101,113,96,"Forward"
"TalenHortonTucker",1517981,9500000,10260000,11020000,1629659,"Talen Horton-Tucker",97,92,98,"Guard"
"TariEason",NA,NA,3359160,3527160,1631106,"Tari Eason",102,112,99,"Forward"
"TaureanPrince",12250000,13334375,7100000,4516000,1627752,"Taurean Prince",93,96,92,"Forward"
"TeranceMann",1517981,1782621,1930681,10576923,1629611,"Terance Mann",83,96,87,"Guard"
"TerenceDavis",1517981,4e+06,4e+06,NA,1629056,"Terence Davis",104,97,101,"Guard"
"TerranceFerguson",3944013,NA,NA,NA,1628390,"Terrance Ferguson",95,95,89,"Guard"
"TerrenceRoss",13500000,12500000,11500000,NA,203082,"Terrence Ross",99,95,94,"Guard"
"TerryRozier",18900000,17905263,21486316,23205221,1626179,"Terry Rozier",87,98,86,"Guard"
"TerryTaylor",NA,895125,1703902,2019706,1630678,"Terry Taylor",103,114,96,"Forward"
"ThaddeusYoung",13545000,14190000,8e+06,9010371,201152,"Thaddeus Young",102,109,102,"Forward"
"ThanasisAntetokounmpo",1701593,1729217,1878720,2346614,203648,"Thanasis Antetokounmpo",84,99,88,"Forward"
"TheoMaledon",2e+06,2e+06,2408891,559782,1630177,"Theo Maledon",102,89,100,"Guard"
"TheoPinson",802182,440710,1968175,NA,1629033,"Theo Pinson",93,92,90,"Guard"
"ThomasBryant",8333333,8666667,1968175,2528233,1628418,"Thomas Bryant",94,112,96,"Forward"
"ThonMaker",1737145,NA,NA,NA,1627748,"Thon Maker",88,100,89,"Forward"
"TimFrazier",597463,386127,NA,NA,204025,"Tim Frazier",92,94,93,"Guard"
"TimHardawayJr",18975000,21306816,19602273,17897728,203501,"Tim Hardaway Jr.",104,91,99,"Guard"
"TimofeyMozgov",5573333,5573333,NA,NA,202389,"Timofey Mozgov",88,101,86,"Center"
"TJLeaf",4431423,NA,NA,NA,1628388,"TJ Leaf",91,99,87,"Forward"
"TJMcConnell",3500000,7500000,8100000,8700000,204456,"T.J. McConnell",89,95,95,"Guard"
"TJWarren",1.2e+07,12940000,2628597,649659,203933,"T.J. Warren",94,99,91,"Forward"
"TobiasHarris",34358850,35995950,37633050,39270150,202699,"Tobias Harris",85,99,89,"Forward"
"TomasSatoransky",1e+07,1e+07,NA,NA,203107,"Tomas Satoransky",89,96,89,"Guard"
"TonyBradley",3542060,1789256,2036318,NA,1628396,"Tony Bradley",94,112,90,"Forward"
"TonySnell",12178571,2389641,NA,NA,203503,"Tony Snell",99,94,93,"Guard"
"TorreyCraig",1678854,4878049,5121951,2528233,1628470,"Torrey Craig",95,103,90,"Forward"
"TraeYoung",6571800,8326471,37096500,40064220,1629027,"Trae Young",111,81,116,"Guard"
"TreJones",898310,1517981,1782621,9895833,1630200,"Tre Jones",86,94,86,"Guard"
"TreMann",NA,2901240,3046200,3191400,1630544,"Tre Mann",104,93,101,"Guard"
"TrendonWatford",NA,768830,1563518,2019706,1630570,"Trendon Watford",93,105,90,"Forward"
"TrentForrest",470690,463211,508891,1112933,1630235,"Trent Forrest",86,96,89,"Guard"
"TrevorAriza",12800000,2641691,NA,NA,2772,"Trevor Ariza",97,101,99,"Forward"
"TreyBurke",3e+06,3150000,3423750,NA,203504,"Trey Burke",110,90,109,"Guard"
"TreyLyles",5500000,2500000,2625000,8e+06,1626168,"Trey Lyles",94,102,92,"Forward"
"TristanThompson",9258000,9946611,16700,3196448,202684,"Tristan Thompson",93,117,89,"Forward"
"TyJerome",2303040,2412840,4728948,2439025,1629660,"Ty Jerome",90,95,88,"Guard"
"TylerCook",693141,462629,NA,NA,1629076,"Tyler Cook",90,102,89,"Forward"
"TylerDorsey",NA,NA,201802,NA,1628416,"Tyler Dorsey",100,95,96,"Guard"
"TylerHerro",3822240,4004280,5722116,2.7e+07,1629639,"Tyler Herro",104,93,107,"Guard"
"TylerJohnson",2028594,257418,NA,NA,204020,"Tyler Johnson",87,96,92,"Guard"
"TyreseHaliburton",3831840,4023600,4215120,5808435,1630169,"Tyrese Haliburton",104,91,108,"Guard"
"TyreseMaxey",2478840,2602920,2726880,4343920,1630178,"Tyrese Maxey",95,94,94,"Guard"
"TyroneWallace",NA,198760,NA,NA,1627820,"Tyrone Wallace",86,97,89,"Guard"
"TyusJones",8817143,8376286,1.5e+07,1.4e+07,1626145,"Tyus Jones",88,92,90,"Guard"
"UdokaAzubuike",1977000,2075880,2174880,559782,1628962,"Udoka Azubuike",87,104,87,"Forward"
"UdonisHaslem",2564753,2641691,2905851,NA,2617,"Udonis Haslem",85,117,90,"Forward"
"UsmanGaruba",NA,2353320,2471160,3159790,1630586,"Usman Garuba",92,108,88,"Forward"
"VictorOladipo",2.1e+07,2389641,8750000,9450000,203506,"Victor Oladipo",101,88,106,"Guard"
"VlatkoCancar",1517981,1782621,2234359,2234359,1628427,"Vlatko Cancar",87,96,85,"Forward"
"WalkerKessler",NA,NA,2696400,2831160,1631117,"Walker Kessler",90,126,95,"Center"
"WayneEllington",3564753,2641691,NA,NA,201961,"Wayne Ellington",93,94,92,"Guard"
"WayneSelden",NA,812363,NA,NA,1627782,"Wayne Selden",126,88,117,"Guard"
"WenyenGabriel",1620564,522015,1878720,124425,1629117,"Wenyen Gabriel",97,108,92,"Forward"
"WesleyMatthews",3623000,1958495,2905851,3196448,202083,"Wesley Matthews",114,91,110,"Guard"
"WillBarton",13723214,15625000,15059712,NA,203115,"Will Barton",87,96,86,"Guard"
"WillieCauleyStein",4100000,4220083,155738,NA,1626161,"Willie Cauley-Stein",91,113,91,"Center"
"WillyHernangomez",1737145,2327220,2443581,NA,1626195,"Willy Hernangomez",93,115,94,"Forward"
"XavierTillman",1300000,1517981,1782621,1930681,1630214,"Xavier Tillman",114,106,109,"Forward"
"YogiFerrell",444149,NA,NA,NA,1627812,"Yogi Ferrell",103,90,102,"Guard"
"YutaWatanabe",737996,1762796,1968175,2346614,1629139,"Yuta Watanabe",92,102,91,"Guard"
"ZachCollins",5406255,7e+06,7350000,7700000,1628380,"Zach Collins",96,100,93,"Forward"
"ZachLaVine",19500000,19500000,37096500,40064220,203897,"Zach LaVine",97,88,99,"Guard"
"ZekeNnaji",2379840,2498760,2617800,4306281,1630192,"Zeke Nnaji",90,98,88,"Forward"
"ZiaireWilliams",NA,4373040,4591680,4810200,1630533,"Ziaire Williams",124,94,114,"Forward"
"ZionWilliamson",10245480,10733400,13534817,34005250,1629627,"Zion Williamson",109,108,114,"Forward"
